<?xml version="1.0" encoding="UTF-8"?>
<!DOCTYPE suite SYSTEM "https://testng.org/testng-1.0.dtd">
<suite name="Automation Test Suite">

    <!-- This section activates our custom report listener -->
    <listeners>
        <listener class-name="com.myframework.utils.ExtentReporterNG"/>
    </listeners>

    <test name="Framework Tests">
        <!-- This section tells TestNG to run ONLY the tests in the "Smoke" group -->
        <groups>
            <run>
                <include name="Smoke"/>
            </run>
        </groups>
        
        <!-- This tells TestNG where to find the test classes -->
        <classes>
            <class name="com.myframework.testcases.LoginTest"/>
        </classes>
    </test>
</suite>
