<?xml version="1.0" encoding="UTF-8"?>
<!DOCTYPE suite SYSTEM "https://testng.org/testng-1.0.dtd">
<suite name="Suite">

		
	  <test thread-count="5" name="Test1">
	    <classes>
	    <class name="TestNG.BeforeAfterTest_Suite.test"></class>
	      	<class name="TestNG.BeforeAfterTest_Suite.c1"/>
	    <!--	<class name="TestNG.BeforeAfterTest_Suite.c3"/> -->
	    </classes>
	  </test> <!-- Test -->
  
	  <test thread-count="5" name="Test2">
	    <classes>
	    <class name="TestNG.BeforeAfterTest_Suite.test"></class>
	 	<class name="TestNG.BeforeAfterTest_Suite.c2"/>
	 <!-- <class name="TestNG.BeforeAfterTest_Suite.c3"/>	-->

    </classes>
  </test> <!-- Test -->
</suite> <!-- Suite -->
