<?xml version="1.0" encoding="UTF-8"?>
<!DOCTYPE suite SYSTEM "https://testng.org/testng-1.0.dtd">

<suite name="grouping">
	<test name="groupingTests">
		<groups>
			<run>
				<!--all sanity but not regression(purely sanity)-->
				<include name="sanity"></include>
				<exclude name="regression"></exclude> 
		
				<!--Both sanity and regression-->
				<!--<include name="functional"></include>-->
			</run>
		</groups>
	
		<classes>
			<class name="TestNG.loginTests"></class>
			<class name="TestNG.SignUpTests"></class>
			<class name="TestNG.PaymentTests"></class>
		</classes>
	</test>
</suite>