<?xml version="1.0" encoding="UTF-8"?>
<!DOCTYPE suite SYSTEM "https://testng.org/testng-1.0.dtd">

<suite thread-count="2" name="parameter" parallel="tests"> <!--Thread count -> no threads used for parallel testing min -> 2 max -> 5 even if use run 100+ testCases-->
	<test name="paralleltest">
		<parameter name="browser" value="chrome"></parameter>
		<classes>
			<class name="TestNG.Parameterization"></class>
		</classes>
	</test>
	
	<test name="paralleltest1">
		<parameter name="browser" value="edge"></parameter>
		<classes>
			<class name="TestNG.Parameterization"></class>
		</classes>
	</test>
</suite>